"OTU","Kingdom","Phylum","Class","Order","Family","Genus","Species"
"taxID296","Bacteria","Proteobacteria","Gammaproteobacteria","Pseudomonadales","Pseudomonadaceae","Pseudomonas","Pseudomonas_fragi"
"taxID562","Bacteria","Proteobacteria","Gammaproteobacteria","Enterobacterales","Enterobacteriaceae","Escherichia","Escherichia_coli"
"taxID573","Bacteria","Proteobacteria","Gammaproteobacteria","Enterobacterales","Enterobacteriaceae","Klebsiella","Klebsiella_pneumoniae"
"taxID818","Bacteria","Bacteroidetes","Bacteroidia","Bacteroidales","Bacteroidaceae","Bacteroides","Bacteroides_thetaiotaomicron"
"taxID820","Bacteria","Bacteroidetes","Bacteroidia","Bacteroidales","Bacteroidaceae","Bacteroides","Bacteroides_uniformis"
"taxID821","Bacteria","Bacteroidetes","Bacteroidia","Bacteroidales","Bacteroidaceae","Phocaeicola","Phocaeicola_vulgatus"
"taxID823","Bacteria","Bacteroidetes","Bacteroidia","Bacteroidales","Tannerellaceae","Parabacteroides","Parabacteroides_distasonis"
"taxID1318","Bacteria","Firmicutes","Bacilli","Lactobacillales","Streptococcaceae","Streptococcus","Streptococcus_parasanguinis"
"taxID1512","Bacteria","Firmicutes","Clostridia","Eubacteriales","Lachnospiraceae","Lachnoclostridium","[Clostridium]_symbiosum"
"taxID1522","Bacteria","Firmicutes","Erysipelotrichia","Erysipelotrichales","Erysipelotrichaceae","Erysipelatoclostridium","[Clostridium]_innocuum"
"taxID1547","Bacteria","Firmicutes","Erysipelotrichia","Erysipelotrichales","Erysipelotrichaceae","Erysipelatoclostridium","Erysipelatoclostridium_ramosum"
"taxID28116","Bacteria","Bacteroidetes","Bacteroidia","Bacteroidales","Bacteroidaceae","Bacteroides","Bacteroides_ovatus"
"taxID29361","Bacteria","Firmicutes","Clostridia","Eubacteriales","Lachnospiraceae","Tyzzerella","Tyzzerella_nexilis"
"taxID29466","Bacteria","Firmicutes","Negativicutes","Veillonellales","Veillonellaceae","Veillonella","Veillonella_parvula"
"taxID33035","Bacteria","Firmicutes","Clostridia","Eubacteriales","Lachnospiraceae","Blautia","Blautia_producta"
"taxID33038","Bacteria","Firmicutes","Clostridia","Eubacteriales","Lachnospiraceae","Mediterraneibacter","[Ruminococcus]_gnavus"
"taxID33945","Bacteria","Firmicutes","Bacilli","Lactobacillales","Enterococcaceae","Enterococcus","Enterococcus_avium"
"taxID35833","Bacteria","Proteobacteria","Deltaproteobacteria","Desulfovibrionales","Desulfovibrionaceae","Bilophila","Bilophila_wadsworthia"
"taxID39778","Bacteria","Firmicutes","Negativicutes","Veillonellales","Veillonellaceae","Veillonella","Veillonella_dispar"
"taxID40545","Bacteria","Proteobacteria","Betaproteobacteria","Burkholderiales","Sutterellaceae","Sutterella","Sutterella_wadsworthensis"
"taxID47678","Bacteria","Bacteroidetes","Bacteroidia","Bacteroidales","Bacteroidaceae","Bacteroides","Bacteroides_caccae"
"taxID74426","Bacteria","Actinobacteria","Coriobacteriia","Coriobacteriales","Coriobacteriaceae","Collinsella","Collinsella_aerofaciens"
"taxID84112","Bacteria","Actinobacteria","Coriobacteriia","Eggerthellales","Eggerthellaceae","Eggerthella","Eggerthella_lenta"
"taxID105841","Bacteria","Firmicutes","Clostridia","Eubacteriales","Lachnospiraceae","Anaerostipes","Anaerostipes_caccae"
"taxID154046","Bacteria","Firmicutes","Clostridia","Eubacteriales","Clostridiaceae","Hungatella","Hungatella_hathewayi"
"taxID208479","Bacteria","Firmicutes","Clostridia","Eubacteriales","Lachnospiraceae","Enterocloster","Enterocloster_bolteae"
"taxID216816","Bacteria","Actinobacteria","Actinomycetia","Bifidobacteriales","Bifidobacteriaceae","Bifidobacterium","Bifidobacterium_longum"
"taxID291645","Bacteria","Bacteroidetes","Bacteroidia","Bacteroidales","Bacteroidaceae","Bacteroides","Bacteroides_nordii"
"taxID292800","Bacteria","Firmicutes","Clostridia","Eubacteriales","Oscillospiraceae","Flavonifractor","Flavonifractor_plautii"
"taxID358743","Bacteria","Firmicutes","Clostridia","Eubacteriales","Lachnospiraceae","Enterocloster","Enterocloster_citroniae"
"taxID457421","Bacteria","Firmicutes","Clostridia","Eubacteriales","unclassified","unclassified","Clostridiales_bacterium_1_7_47FAA"
"taxID572010","Bacteria","Actinobacteria","Coriobacteriia","Eggerthellales","Eggerthellaceae","Slackia","Slackia_isoflavoniconvertens"
"taxID1034346","Bacteria","Firmicutes","Erysipelotrichia","Erysipelotrichales","Erysipelotrichaceae","Dielma","Dielma_fastidiosa"
"taxID1134687","Bacteria","Proteobacteria","Gammaproteobacteria","Enterobacterales","Enterobacteriaceae","Klebsiella","Klebsiella_michiganensis"
"taxID1603888","Bacteria","Firmicutes","Negativicutes","Veillonellales","Veillonellaceae","Megasphaera","Megasphaera_sp._MJR8396C"
"taxID2547410","Bacteria","Firmicutes","Clostridia","Eubacteriales","Clostridiaceae","Clostridium","Clostridium_sp._C5-48"
"taxID1352","Bacteria","Firmicutes","Bacilli","Lactobacillales","Enterococcaceae","Enterococcus","Enterococcus_faecium"
"taxID37734","Bacteria","Firmicutes","Bacilli","Lactobacillales","Enterococcaceae","Enterococcus","Enterococcus_casseliflavus"
"taxID47715","Bacteria","Firmicutes","Bacilli","Lactobacillales","Lactobacillaceae","Lacticaseibacillus","Lacticaseibacillus_rhamnosus"
"taxID165179","Bacteria","Bacteroidetes","Bacteroidia","Bacteroidales","Prevotellaceae","Prevotella","Prevotella_copri"
"taxID1308","Bacteria","Firmicutes","Bacilli","Lactobacillales","Streptococcaceae","Streptococcus","Streptococcus_thermophilus"
"taxID1358","Bacteria","Firmicutes","Bacilli","Lactobacillales","Streptococcaceae","Lactococcus","Lactococcus_lactis"
"taxID1685","Bacteria","Actinobacteria","Actinomycetia","Bifidobacteriales","Bifidobacteriaceae","Bifidobacterium","Bifidobacterium_breve"
"taxID28038","Bacteria","Firmicutes","Bacilli","Lactobacillales","Lactobacillaceae","Latilactobacillus","Latilactobacillus_curvatus"
"taxID1244","Bacteria","Firmicutes","Bacilli","Lactobacillales","Lactobacillaceae","Leuconostoc","Leuconostoc_gelidum"
"taxID1267","Bacteria","Firmicutes","Clostridia","Eubacteriales","Clostridiaceae","Sarcina","Sarcina_ventriculi"
"taxID1304","Bacteria","Firmicutes","Bacilli","Lactobacillales","Streptococcaceae","Streptococcus","Streptococcus_salivarius"
"taxID1351","Bacteria","Firmicutes","Bacilli","Lactobacillales","Enterococcaceae","Enterococcus","Enterococcus_faecalis"
"taxID1613","Bacteria","Firmicutes","Bacilli","Lactobacillales","Lactobacillaceae","Limosilactobacillus","Limosilactobacillus_fermentum"
"taxID1686","Bacteria","Actinobacteria","Actinomycetia","Bifidobacteriales","Bifidobacteriaceae","Bifidobacterium","Bifidobacterium_catenulatum"
"taxID28026","Bacteria","Actinobacteria","Actinomycetia","Bifidobacteriales","Bifidobacteriaceae","Bifidobacterium","Bifidobacterium_pseudocatenulatum"
"taxID33025","Bacteria","Firmicutes","Negativicutes","Acidaminococcales","Acidaminococcaceae","Phascolarctobacterium","Phascolarctobacterium_faecium"
"taxID43675","Bacteria","Actinobacteria","Actinomycetia","Micrococcales","Micrococcaceae","Rothia","Rothia_mucilaginosa"
"taxID84024","Bacteria","Firmicutes","Clostridia","Eubacteriales","Clostridiaceae","Clostridium","Clostridium_disporicum"
"taxID114527","Bacteria","Firmicutes","Clostridia","Eubacteriales","Eubacteriales Family XIII. Incertae Sedis","Mogibacterium","Mogibacterium_diversum"
"taxID150055","Bacteria","Firmicutes","Bacilli","Lactobacillales","Streptococcaceae","Streptococcus","Streptococcus_lutetiensis"
"taxID341694","Bacteria","Firmicutes","Clostridia","Eubacteriales","Peptostreptococcaceae","Peptostreptococcus","Peptostreptococcus_stomatis"
"taxID419015","Bacteria","Actinobacteria","Actinomycetia","Bifidobacteriales","Bifidobacteriaceae","Alloscardovia","Alloscardovia_omnicolens"
"taxID1531","Bacteria","Firmicutes","Clostridia","Eubacteriales","Lachnospiraceae","Enterocloster","Enterocloster_clostridioformis"
"taxID1596","Bacteria","Firmicutes","Bacilli","Lactobacillales","Lactobacillaceae","Lactobacillus","Lactobacillus_gasseri"
"taxID1597","Bacteria","Firmicutes","Bacilli","Lactobacillales","Lactobacillaceae","Lacticaseibacillus","Lacticaseibacillus_paracasei"
"taxID1598","Bacteria","Firmicutes","Bacilli","Lactobacillales","Lactobacillaceae","Limosilactobacillus","Limosilactobacillus_reuteri"
"taxID1689","Bacteria","Actinobacteria","Actinomycetia","Bifidobacteriales","Bifidobacteriaceae","Bifidobacterium","Bifidobacterium_dentium"
"taxID36834","Bacteria","Firmicutes","Clostridia","Eubacteriales","Clostridiaceae","Clostridium","Clostridium_celatum"
"taxID46506","Bacteria","Bacteroidetes","Bacteroidia","Bacteroidales","Bacteroidaceae","Bacteroides","Bacteroides_stercoris"
"taxID261299","Bacteria","Firmicutes","Clostridia","Eubacteriales","Peptostreptococcaceae","Intestinibacter","Intestinibacter_bartlettii"
"taxID310298","Bacteria","Bacteroidetes","Bacteroidia","Bacteroidales","Bacteroidaceae","Phocaeicola","Phocaeicola_coprocola"
"taxID338188","Bacteria","Bacteroidetes","Bacteroidia","Bacteroidales","Bacteroidaceae","Bacteroides","Bacteroides_finegoldii"
"taxID358742","Bacteria","Firmicutes","Clostridia","Eubacteriales","Lachnospiraceae","Enterocloster","Enterocloster_aldenensis"
"taxID460384","Bacteria","Firmicutes","Clostridia","Eubacteriales","Lachnospiraceae","Enterocloster","Enterocloster_lavalensis"
"taxID658659","Bacteria","Firmicutes","Erysipelotrichia","Erysipelotrichales","Erysipelotrichaceae","unclassified","Erysipelotrichaceae_bacterium_3_1_53"
"taxID871665","Bacteria","Firmicutes","Clostridia","Eubacteriales","Lachnospiraceae","Blautia","Blautia_faecis"
"taxID1263547","Bacteria","Firmicutes","Clostridia","Eubacteriales","Oscillospiraceae","Oscillibacter","Oscillibacter_ruminantium"
"taxID1519438","Bacteria","Firmicutes","Clostridia","Eubacteriales","Eubacteriaceae","Eubacterium","Eubacterium_sp._ER2"
"taxID1653435","Bacteria","Firmicutes","Clostridia","Eubacteriales","Lachnospiraceae","Merdimonas","Merdimonas_faecis"
"taxID1673721","Bacteria","Firmicutes","Clostridia","Eubacteriales","unclassified","Intestinimonas","Intestinimonas_massiliensis"
"taxID1697794","Bacteria","Firmicutes","Clostridia","unclassified","unclassified","unclassified","Clostridia_bacterium_UC5.1-1D1"
"taxID1796628","Bacteria","Firmicutes","Erysipelotrichia","Erysipelotrichales","Erysipelotrichaceae","Longibaculum","Longibaculum_muris"
"taxID1898203","Bacteria","Firmicutes","Clostridia","Eubacteriales","Lachnospiraceae","unclassified","Lachnospiraceae_bacterium"
"taxID1965647","Bacteria","Firmicutes","Clostridia","Eubacteriales","Oscillospiraceae","Drancourtella","Drancourtella_sp._An57"
"taxID2044939","Bacteria","Firmicutes","Clostridia","unclassified","unclassified","unclassified","Clostridia_bacterium"
"taxID2292349","Bacteria","Firmicutes","Clostridia","Eubacteriales","Eubacteriaceae","Eubacterium","Eubacterium_sp._AM28-29"
"taxID817","Bacteria","Bacteroidetes","Bacteroidia","Bacteroidales","Bacteroidaceae","Bacteroides","Bacteroides_fragilis"
"taxID33033","Bacteria","Firmicutes","Tissierellia","Tissierellales","Peptoniphilaceae","Parvimonas","Parvimonas_micra"
"taxID1528099","Bacteria","Actinobacteria","Actinomycetia","Corynebacteriales","Lawsonellaceae","Lawsonella","Lawsonella_clevelandensis"
"taxID287","Bacteria","Proteobacteria","Gammaproteobacteria","Pseudomonadales","Pseudomonadaceae","Pseudomonas","Pseudomonas_aeruginosa"
"taxID571","Bacteria","Proteobacteria","Gammaproteobacteria","Enterobacterales","Enterobacteriaceae","Klebsiella","Klebsiella_oxytoca"
"taxID584","Bacteria","Proteobacteria","Gammaproteobacteria","Enterobacterales","Morganellaceae","Proteus","Proteus_mirabilis"
"taxID853","Bacteria","Firmicutes","Clostridia","Eubacteriales","Oscillospiraceae","Faecalibacterium","Faecalibacterium_prausnitzii"
"taxID1280","Bacteria","Firmicutes","Bacilli","Bacillales","Staphylococcaceae","Staphylococcus","Staphylococcus_aureus"
"taxID1282","Bacteria","Firmicutes","Bacilli","Bacillales","Staphylococcaceae","Staphylococcus","Staphylococcus_epidermidis"
"taxID1302","Bacteria","Firmicutes","Bacilli","Lactobacillales","Streptococcaceae","Streptococcus","Streptococcus_gordonii"
"taxID1322","Bacteria","Firmicutes","Clostridia","Eubacteriales","Lachnospiraceae","Blautia","Blautia_hansenii"
"taxID1624","Bacteria","Firmicutes","Bacilli","Lactobacillales","Lactobacillaceae","Ligilactobacillus","Ligilactobacillus_salivarius"
"taxID1744","Bacteria","Actinobacteria","Actinomycetia","Propionibacteriales","Propionibacteriaceae","Propionibacterium","Propionibacterium_freudenreichii"
"taxID2047","Bacteria","Actinobacteria","Actinomycetia","Micrococcales","Micrococcaceae","Rothia","Rothia_dentocariosa"
"taxID29347","Bacteria","Firmicutes","Clostridia","Eubacteriales","Lachnospiraceae","Lachnoclostridium","[Clostridium]_scindens"
"taxID29348","Bacteria","Firmicutes","Erysipelotrichia","Erysipelotrichales","Erysipelotrichaceae","Erysipelatoclostridium","[Clostridium]_spiroforme"
"taxID29363","Bacteria","Firmicutes","Clostridia","Eubacteriales","Clostridiaceae","Clostridium","Clostridium_paraputrificum"
"taxID39485","Bacteria","Firmicutes","Clostridia","Eubacteriales","Lachnospiraceae","Lachnospira","Lachnospira_eligens"
"taxID67824","Bacteria","Proteobacteria","Gammaproteobacteria","Enterobacterales","Enterobacteriaceae","Citrobacter","Citrobacter_farmeri"
"taxID71452","Bacteria","Firmicutes","Bacilli","Lactobacillales","Enterococcaceae","Enterococcus","Enterococcus_raffinosus"
"taxID81424","Bacteria","Firmicutes","Clostridia","Eubacteriales","Lachnospiraceae","Lachnoclostridium","[Clostridium]_methoxybenzovorans"
"taxID100884","Bacteria","Firmicutes","Erysipelotrichia","Erysipelotrichales","Coprobacillaceae","Coprobacillus","Coprobacillus_cateniformis"
"taxID147206","Bacteria","Actinobacteria","Coriobacteriia","Coriobacteriales","Coriobacteriaceae","Collinsella","Collinsella_stercoris"
"taxID180332","Bacteria","Firmicutes","Clostridia","Eubacteriales","Lachnospiraceae","Robinsoniella","Robinsoniella_peoriensis"
"taxID209880","Bacteria","Firmicutes","Negativicutes","Veillonellales","Veillonellaceae","Allisonella","Allisonella_histaminiformans"
"taxID218538","Bacteria","Firmicutes","Negativicutes","Veillonellales","Veillonellaceae","Dialister","Dialister_invisus"
"taxID230143","Bacteria","Actinobacteria","Actinomycetia","Bifidobacteriales","Bifidobacteriaceae","Scardovia","Scardovia_wiggsiae"
"taxID301302","Bacteria","Firmicutes","Clostridia","Eubacteriales","Lachnospiraceae","Roseburia","Roseburia_faecis"
"taxID418240","Bacteria","Firmicutes","Clostridia","Eubacteriales","Lachnospiraceae","Blautia","Blautia_wexlerae"
"taxID544580","Bacteria","Actinobacteria","Actinomycetia","Actinomycetales","Actinomycetaceae","Actinomyces","Actinomyces_oris"
"taxID1577792","Bacteria","Firmicutes","Clostridia","Eubacteriales","Peptostreptococcaceae","Terrisporobacter","Terrisporobacter_othiniensis"
"taxID1689270","Bacteria","Firmicutes","Clostridia","Eubacteriales","unclassified","Intestinimonas","Intestinimonas_timonensis"
"taxID1720194","Bacteria","Firmicutes","Clostridia","Eubacteriales","Clostridiaceae","Clostridium","Clostridium_sp._AT4"
"taxID1796615","Bacteria","Firmicutes","Clostridia","Eubacteriales","Lachnospiraceae","Blautia","Blautia_caecimuris"
"taxID1965572","Bacteria","Firmicutes","Clostridia","Eubacteriales","Oscillospiraceae","Pseudoflavonifractor","Pseudoflavonifractor_sp._An176"
"taxID1982626","Bacteria","Firmicutes","Erysipelotrichia","Erysipelotrichales","Erysipelotrichaceae","Faecalibacillus","Faecalibacillus_intestinalis"
"taxID2109689","Bacteria","Firmicutes","Clostridia","Eubacteriales","unclassified","unclassified","Clostridiales_bacterium_Choco116"
"taxID1587","Bacteria","Firmicutes","Bacilli","Lactobacillales","Lactobacillaceae","Lactobacillus","Lactobacillus_helveticus"
"taxID1632","Bacteria","Firmicutes","Bacilli","Lactobacillales","Lactobacillaceae","Limosilactobacillus","Limosilactobacillus_oris"
"taxID78448","Bacteria","Actinobacteria","Actinomycetia","Bifidobacteriales","Bifidobacteriaceae","Bifidobacterium","Bifidobacterium_pullorum"
"taxID28117","Bacteria","Bacteroidetes","Bacteroidia","Bacteroidales","Rikenellaceae","Alistipes","Alistipes_putredinis"
"taxID28118","Bacteria","Bacteroidetes","Bacteroidia","Bacteroidales","Odoribacteraceae","Odoribacter","Odoribacter_splanchnicus"
"taxID33039","Bacteria","Firmicutes","Clostridia","Eubacteriales","Lachnospiraceae","Mediterraneibacter","[Ruminococcus]_torques"
"taxID237576","Bacteria","Firmicutes","Clostridia","Eubacteriales","Lachnospiraceae","Oribacterium","Oribacterium_sinus"
"taxID291644","Bacteria","Bacteroidetes","Bacteroidia","Bacteroidales","Bacteroidaceae","Bacteroides","Bacteroides_salyersiae"
"taxID310297","Bacteria","Bacteroidetes","Bacteroidia","Bacteroidales","Bacteroidaceae","Phocaeicola","Phocaeicola_plebeius"
"taxID328812","Bacteria","Bacteroidetes","Bacteroidia","Bacteroidales","Tannerellaceae","Parabacteroides","Parabacteroides_goldsteinii"
"taxID328813","Bacteria","Bacteroidetes","Bacteroidia","Bacteroidales","Rikenellaceae","Alistipes","Alistipes_onderdonkii"
"taxID328814","Bacteria","Bacteroidetes","Bacteroidia","Bacteroidales","Rikenellaceae","Alistipes","Alistipes_shahii"
"taxID357276","Bacteria","Bacteroidetes","Bacteroidia","Bacteroidales","Bacteroidaceae","Phocaeicola","Phocaeicola_dorei"
"taxID387661","Bacteria","Bacteroidetes","Bacteroidia","Bacteroidales","Tannerellaceae","Parabacteroides","Parabacteroides_johnsonii"
"taxID544645","Bacteria","Bacteroidetes","Bacteroidia","Bacteroidales","Odoribacteraceae","Butyricimonas","Butyricimonas_virosa"
"taxID1465754","Bacteria","Bacteroidetes","Bacteroidia","Bacteroidales","Rikenellaceae","Alistipes","Alistipes_timonensis"
"taxID1472416","Bacteria","Bacteroidetes","Bacteroidia","Bacteroidales","Odoribacteraceae","Butyricimonas","Butyricimonas_faecihominis"
"taxID1579343","Bacteria","Firmicutes","Bacilli","Lactobacillales","Streptococcaceae","Streptococcus","Streptococcus_sp._263_SSPC"
"taxID1852370","Bacteria","Bacteroidetes","Bacteroidia","Bacteroidales","Prevotellaceae","Prevotellamassilia","Prevotellamassilia_timonensis"
"taxID2049043","Bacteria","Proteobacteria","Deltaproteobacteria","Desulfovibrionales","Desulfovibrionaceae","unclassified","Desulfovibrionaceae_bacterium"
"taxID2093857","Bacteria","Firmicutes","Clostridia","Eubacteriales","Oscillospiraceae","Dysosmobacter","Dysosmobacter_welbionis"
"taxID847","Bacteria","Proteobacteria","Betaproteobacteria","Burkholderiales","Oxalobacteraceae","Oxalobacter","Oxalobacter_formigenes"
"taxID1303","Bacteria","Firmicutes","Bacilli","Lactobacillales","Streptococcaceae","Streptococcus","Streptococcus_oralis"
"taxID1502","Bacteria","Firmicutes","Clostridia","Eubacteriales","Clostridiaceae","Clostridium","Clostridium_perfringens"
"taxID1535","Bacteria","Firmicutes","Clostridia","Eubacteriales","Oscillospiraceae","unclassified","[Clostridium]_leptum"
"taxID1680","Bacteria","Actinobacteria","Actinomycetia","Bifidobacteriales","Bifidobacteriaceae","Bifidobacterium","Bifidobacterium_adolescentis"
"taxID28037","Bacteria","Firmicutes","Bacilli","Lactobacillales","Streptococcaceae","Streptococcus","Streptococcus_mitis"
"taxID39482","Bacteria","Firmicutes","Clostridia","Eubacteriales","Lachnospiraceae","Faecalicatena","Faecalicatena_contorta"
"taxID39486","Bacteria","Firmicutes","Clostridia","Eubacteriales","Lachnospiraceae","Dorea","Dorea_formicigenerans"
"taxID39488","Bacteria","Firmicutes","Clostridia","Eubacteriales","Lachnospiraceae","Anaerobutyricum","Anaerobutyricum_hallii"
"taxID39491","Bacteria","Firmicutes","Clostridia","Eubacteriales","Lachnospiraceae","unclassified","[Eubacterium]_rectale"
"taxID39492","Bacteria","Firmicutes","Clostridia","Eubacteriales","Oscillospiraceae","unclassified","[Eubacterium]_siraeum"
"taxID40520","Bacteria","Firmicutes","Clostridia","Eubacteriales","Lachnospiraceae","Blautia","Blautia_obeum"
"taxID46228","Bacteria","Firmicutes","Clostridia","Eubacteriales","Lachnospiraceae","Mediterraneibacter","[Ruminococcus]_lactaris"
"taxID46503","Bacteria","Bacteroidetes","Bacteroidia","Bacteroidales","Tannerellaceae","Parabacteroides","Parabacteroides_merdae"
"taxID61171","Bacteria","Firmicutes","Erysipelotrichia","Erysipelotrichales","Erysipelotrichaceae","Holdemania","Holdemania_filiformis"
"taxID88431","Bacteria","Firmicutes","Clostridia","Eubacteriales","Lachnospiraceae","Dorea","Dorea_longicatena"
"taxID139208","Bacteria","Actinobacteria","Actinomycetia","Micrococcales","Promicromonosporaceae","Isoptericola","Isoptericola_variabilis"
"taxID214853","Bacteria","Firmicutes","Clostridia","Eubacteriales","Eubacteriaceae","Anaerofustis","Anaerofustis_stercorihominis"
"taxID214856","Bacteria","Bacteroidetes","Bacteroidia","Bacteroidales","Rikenellaceae","Alistipes","Alistipes_finegoldii"
"taxID239935","Bacteria","Verrucomicrobia","Verrucomicrobiae","Verrucomicrobiales","Akkermansiaceae","Akkermansia","Akkermansia_muciniphila"
"taxID246787","Bacteria","Bacteroidetes","Bacteroidia","Bacteroidales","Bacteroidaceae","Bacteroides","Bacteroides_cellulosilyticus"
"taxID301301","Bacteria","Firmicutes","Clostridia","Eubacteriales","Lachnospiraceae","Roseburia","Roseburia_hominis"
"taxID329854","Bacteria","Bacteroidetes","Bacteroidia","Bacteroidales","Bacteroidaceae","Bacteroides","Bacteroides_intestinalis"
"taxID342942","Bacteria","Firmicutes","Clostridia","Eubacteriales","Lachnospiraceae","Mediterraneibacter","Mediterraneibacter_glycyrrhizinilyticus"
"taxID360807","Bacteria","Firmicutes","Clostridia","Eubacteriales","Lachnospiraceae","Roseburia","Roseburia_inulinivorans"
"taxID446660","Bacteria","Actinobacteria","Coriobacteriia","Eggerthellales","Eggerthellaceae","Adlercreutzia","Adlercreutzia_equolifaciens"
"taxID471189","Bacteria","Actinobacteria","Coriobacteriia","Eggerthellales","Eggerthellaceae","Gordonibacter","Gordonibacter_pamelaeae"
"taxID626932","Bacteria","Bacteroidetes","Bacteroidia","Bacteroidales","Rikenellaceae","Alistipes","Alistipes_indistinctus"
"taxID649756","Bacteria","Firmicutes","Clostridia","Eubacteriales","Lachnospiraceae","Anaerostipes","Anaerostipes_hadrus"
"taxID1150298","Bacteria","Firmicutes","Clostridia","Eubacteriales","Lachnospiraceae","Fusicatenibacter","Fusicatenibacter_saccharivorans"
"taxID1297617","Bacteria","Firmicutes","Clostridia","Eubacteriales","unclassified","Intestinimonas","Intestinimonas_butyriciproducens"
"taxID1472761","Bacteria","Actinobacteria","Coriobacteriia","Coriobacteriales","Coriobacteriaceae","Enorma","Enorma_massiliensis"
"taxID1501392","Bacteria","Bacteroidetes","Bacteroidia","Bacteroidales","Barnesiellaceae","Coprobacter","Coprobacter_secundus"
"taxID1550024","Bacteria","Firmicutes","Clostridia","Eubacteriales","Oscillospiraceae","Ruthenibacterium","Ruthenibacterium_lactatiformans"
"taxID1628085","Bacteria","Firmicutes","Clostridia","Eubacteriales","Oscillospiraceae","Agathobaculum","Agathobaculum_butyriciproducens"
"taxID1650661","Bacteria","Firmicutes","Clostridia","Eubacteriales","Clostridiaceae","Clostridium","Clostridium_phoceensis"
"taxID1697793","Bacteria","Firmicutes","Clostridia","unclassified","unclassified","unclassified","Clostridia_bacterium_UC5.1-1E11"
"taxID1715004","Bacteria","Firmicutes","Clostridia","Eubacteriales","unclassified","unclassified","Clostridiales_bacterium_KLE1615"
"taxID1720200","Bacteria","Firmicutes","Clostridia","Eubacteriales","Oscillospiraceae","Anaerotruncus","Anaerotruncus_rubiinfantis"
"taxID1759399","Bacteria","Firmicutes","Bacilli","Lactobacillales","Streptococcaceae","Streptococcus","Streptococcus_sp._A12"
"taxID1776384","Bacteria","Firmicutes","Clostridia","Eubacteriales","Eubacteriales Family XIII. Incertae Sedis","Emergencia","Emergencia_timonensis"
"taxID1841867","Bacteria","Firmicutes","Clostridia","Eubacteriales","Oscillospiraceae","Phocea","Phocea_massiliensis"
"taxID1898204","Bacteria","Firmicutes","Clostridia","Eubacteriales","Clostridiaceae","unclassified","Clostridiaceae_bacterium"
"taxID2049045","Bacteria","Firmicutes","Clostridia","Eubacteriales","Eubacteriaceae","unclassified","Eubacteriaceae_bacterium"
"taxID2054177","Bacteria","Firmicutes","Clostridia","Eubacteriales","Christensenellaceae","unclassified","Christensenellaceae_bacterium"
"taxID2126740","Bacteria","Firmicutes","Clostridia","Eubacteriales","Clostridiaceae","Clostridium","Clostridium_fessum"
"taxID2211183","Bacteria","Firmicutes","Clostridia","Eubacteriales","unclassified","Evtepia","Evtepia_gabavorous"
"taxID2292295","Bacteria","Firmicutes","Clostridia","Eubacteriales","Clostridiaceae","Butyricicoccus","Butyricicoccus_sp._AM29-23AC"
"taxID2292885","Bacteria","Firmicutes","unclassified","unclassified","unclassified","unclassified","Firmicutes_bacterium_AF16-15"
"taxID2292991","Bacteria","Firmicutes","Erysipelotrichia","Erysipelotrichales","Coprobacillaceae","Catenibacterium","Catenibacterium_sp._AM22-15"
"taxID2292997","Bacteria","Firmicutes","Clostridia","Eubacteriales","Clostridiaceae","Clostridium","Clostridium_sp._AF15-49"
"taxID2293011","Bacteria","Firmicutes","Clostridia","Eubacteriales","Clostridiaceae","Clostridium","Clostridium_sp._AF34-10BH"
"taxID2316025","Bacteria","Firmicutes","Clostridia","Eubacteriales","Lachnospiraceae","Mediterraneibacter","Mediterraneibacter_butyricigenes"
"taxID2358141","Bacteria","Firmicutes","Clostridia","Eubacteriales","Lachnospiraceae","Anaerotignum","Anaerotignum_faecicola"
"taxID2500537","Bacteria","Firmicutes","Clostridia","Eubacteriales","unclassified","Candidatus_Cibiobacter","Candidatus_Cibiobacter_qucibialis"
"taxID2606635","Bacteria","Firmicutes","Clostridia","Eubacteriales","Lachnospiraceae","Waltera","Waltera_intestinalis"
"taxID2709718","Bacteria","Firmicutes","Clostridia","Eubacteriales","Lachnospiraceae","Blautia","Blautia_sp._MSK.20.85"
"taxID2720820","Bacteria","Firmicutes","Clostridia","unclassified","unclassified","Candidatus_Avimonas","Candidatus_Avimonas_narfia"
"taxID2720825","Bacteria","Firmicutes","Clostridia","unclassified","unclassified","Candidatus_Allochristensenella","Candidatus_Allochristensenella_caecavium"
"taxID2721144","Bacteria","Firmicutes","Clostridia","unclassified","unclassified","Candidatus_Pararuminococcus","Candidatus_Pararuminococcus_gallinarum"
"taxID2763654","Bacteria","Firmicutes","Clostridia","Eubacteriales","Christensenellaceae","Luoshenia","Luoshenia_tenuis"
"taxID2764322","Bacteria","Firmicutes","Clostridia","Eubacteriales","Oscillospiraceae","Hydrogeniiclostidium","Hydrogeniiclostidium_mannosilyticum"
"taxID1283","Bacteria","Firmicutes","Bacilli","Bacillales","Staphylococcaceae","Staphylococcus","Staphylococcus_haemolyticus"
"taxID1354","Bacteria","Firmicutes","Bacilli","Lactobacillales","Enterococcaceae","Enterococcus","Enterococcus_hirae"
"taxID1382","Bacteria","Actinobacteria","Coriobacteriia","Coriobacteriales","Atopobiaceae","Lancefieldella","Lancefieldella_parvula"
"taxID1661","Bacteria","Actinobacteria","Actinomycetia","Actinomycetales","Actinomycetaceae","Trueperella","Trueperella_pyogenes"
"taxID39777","Bacteria","Firmicutes","Negativicutes","Veillonellales","Veillonellaceae","Veillonella","Veillonella_atypica"
"taxID46124","Bacteria","Firmicutes","Bacilli","Lactobacillales","Carnobacteriaceae","Granulicatella","Granulicatella_adiacens"
"taxID55565","Bacteria","Actinobacteria","Actinomycetia","Actinomycetales","Actinomycetaceae","Actinomyces","Actinomyces_graevenitzii"
"taxID68892","Bacteria","Firmicutes","Bacilli","Lactobacillales","Streptococcaceae","Streptococcus","Streptococcus_infantis"
"taxID157687","Bacteria","Fusobacteria","Fusobacteriia","Fusobacteriales","Leptotrichiaceae","Leptotrichia","Leptotrichia_wadei"
"taxID169292","Bacteria","Actinobacteria","Actinomycetia","Corynebacteriales","Corynebacteriaceae","Corynebacterium","Corynebacterium_aurimucosum"
"taxID187326","Bacteria","Firmicutes","Negativicutes","Veillonellales","Veillonellaceae","Megasphaera","Megasphaera_micronuciformis"
"taxID272548","Bacteria","Actinobacteria","Actinomycetia","Actinomycetales","Actinomycetaceae","Actinomyces","Actinomyces_dentalis"
"taxID796942","Bacteria","Firmicutes","Clostridia","Eubacteriales","Lachnospiraceae","Stomatobaculum","Stomatobaculum_longum"
"taxID936548","Bacteria","Actinobacteria","Actinomycetia","Actinomycetales","Actinomycetaceae","Actinomyces","Actinomyces_sp._ICM47"
"taxID1105030","Bacteria","Actinobacteria","Actinomycetia","Actinomycetales","Actinomycetaceae","Actinomyces","Actinomyces_sp._ICM58"
"taxID1284680","Bacteria","Actinobacteria","Actinomycetia","Actinomycetales","Actinomycetaceae","Actinomyces","Actinomyces_sp._S6-Spd3"
"taxID824","Bacteria","Proteobacteria","Epsilonproteobacteria","Campylobacterales","Campylobacteraceae","Campylobacter","Campylobacter_gracilis"
"taxID1305","Bacteria","Firmicutes","Bacilli","Lactobacillales","Streptococcaceae","Streptococcus","Streptococcus_sanguinis"
"taxID1309","Bacteria","Firmicutes","Bacilli","Lactobacillales","Streptococcaceae","Streptococcus","Streptococcus_mutans"
"taxID1499683","Bacteria","Firmicutes","Clostridia","Eubacteriales","Clostridiaceae","Clostridium","Clostridium_culturomicium"
"taxID1254","Bacteria","Firmicutes","Bacilli","Lactobacillales","Lactobacillaceae","Pediococcus","Pediococcus_acidilactici"
"taxID1353","Bacteria","Firmicutes","Bacilli","Lactobacillales","Enterococcaceae","Enterococcus","Enterococcus_gallinarum"
"taxID1529","Bacteria","Firmicutes","Clostridia","Eubacteriales","Clostridiaceae","Clostridium","Clostridium_cadaveris"
"taxID1579","Bacteria","Firmicutes","Bacilli","Lactobacillales","Lactobacillaceae","Lactobacillus","Lactobacillus_acidophilus"
"taxID1655","Bacteria","Actinobacteria","Actinomycetia","Actinomycetales","Actinomycetaceae","Actinomyces","Actinomyces_naeslundii"
"taxID318464","Bacteria","Firmicutes","Clostridia","Eubacteriales","Clostridiaceae","Clostridium","Clostridium_sulfidigenes"
"taxID1580","Bacteria","Firmicutes","Bacilli","Lactobacillales","Lactobacillaceae","Levilactobacillus","Levilactobacillus_brevis"
"taxID47770","Bacteria","Firmicutes","Bacilli","Lactobacillales","Lactobacillaceae","Lactobacillus","Lactobacillus_crispatus"
"taxID158836","Bacteria","Proteobacteria","Gammaproteobacteria","Enterobacterales","Enterobacteriaceae","Enterobacter","Enterobacter_hormaechei"
"taxID29391","Bacteria","Firmicutes","Bacilli","Bacillales","unclassified","Gemella","Gemella_morbillorum"
"taxID31971","Bacteria","Firmicutes","Erysipelotrichia","Erysipelotrichales","Erysipelotrichaceae","Amedibacillus","Amedibacillus_dolichus"
"taxID45634","Bacteria","Firmicutes","Bacilli","Lactobacillales","Streptococcaceae","Streptococcus","Streptococcus_cristatus"
"taxID84135","Bacteria","Firmicutes","Bacilli","Bacillales","unclassified","Gemella","Gemella_sanguinis"
"taxID154288","Bacteria","Firmicutes","Erysipelotrichia","Erysipelotrichales","Turicibacteraceae","Turicibacter","Turicibacter_sanguinis"
"taxID160404","Bacteria","Firmicutes","Clostridia","Eubacteriales","Lachnospiraceae","Anaerotignum","Anaerotignum_lactatifermentans"
"taxID166486","Bacteria","Firmicutes","Clostridia","Eubacteriales","Lachnospiraceae","Roseburia","Roseburia_intestinalis"
"taxID169435","Bacteria","Firmicutes","Clostridia","Eubacteriales","Oscillospiraceae","Anaerotruncus","Anaerotruncus_colihominis"
"taxID204516","Bacteria","Bacteroidetes","Bacteroidia","Bacteroidales","Bacteroidaceae","Phocaeicola","Phocaeicola_massiliensis"
"taxID341225","Bacteria","Firmicutes","Erysipelotrichia","Erysipelotrichales","Erysipelotrichaceae","Erysipelatoclostridium","[Clostridium]_saccharogumia"
"taxID371601","Bacteria","Bacteroidetes","Bacteroidia","Bacteroidales","Bacteroidaceae","Bacteroides","Bacteroides_xylanisolvens"
"taxID410072","Bacteria","Firmicutes","Clostridia","Eubacteriales","Lachnospiraceae","Coprococcus","Coprococcus_comes"
"taxID673271","Bacteria","Firmicutes","Clostridia","Eubacteriales","Lachnospiraceae","Catenibacillus","Catenibacillus_scindens"
"taxID674529","Bacteria","Bacteroidetes","Bacteroidia","Bacteroidales","Bacteroidaceae","Bacteroides","Bacteroides_faecis"
"taxID1230734","Bacteria","Firmicutes","Clostridia","Eubacteriales","Eubacteriales Family XIII. Incertae Sedis","unclassified","Clostridiales_bacterium_S5-A14a"
"taxID1335613","Bacteria","Actinobacteria","Coriobacteriia","Eggerthellales","Eggerthellaceae","Gordonibacter","Gordonibacter_urolithinfaciens"
"taxID1720294","Bacteria","Firmicutes","Clostridia","Eubacteriales","Lachnospiraceae","Eisenbergiella","Eisenbergiella_massiliensis"
"taxID1720313","Bacteria","Firmicutes","Clostridia","Eubacteriales","Oscillospiraceae","Bittarella","Bittarella_massiliensis"
"taxID1737424","Bacteria","Firmicutes","Clostridia","Eubacteriales","Lachnospiraceae","Blautia","Blautia_massiliensis"
"taxID1776391","Bacteria","Firmicutes","Clostridia","Eubacteriales","Peptostreptococcaceae","Romboutsia","Romboutsia_timonensis"
"taxID1796618","Bacteria","Firmicutes","Clostridia","Eubacteriales","Lachnospiraceae","Cuneatibacter","Cuneatibacter_caecimuris"
"taxID1871020","Bacteria","Firmicutes","Clostridia","Eubacteriales","Clostridiaceae","Clostridium","Clostridium_sp._Marseille-P3244"
"taxID1871021","Bacteria","Firmicutes","Clostridia","Eubacteriales","Lachnospiraceae","Lachnoclostridium","Lachnoclostridium_phocaeense"
"taxID1898207","Bacteria","Firmicutes","Clostridia","Eubacteriales","unclassified","unclassified","Clostridiales_bacterium"
"taxID1912855","Bacteria","Firmicutes","Clostridia","Eubacteriales","Lachnospiraceae","Faecalimonas","Faecalimonas_umbilicata"
"taxID1965604","Bacteria","Firmicutes","Clostridia","Eubacteriales","Oscillospiraceae","Anaeromassilibacillus","Anaeromassilibacillus_sp._An250"
"taxID1981510","Bacteria","Firmicutes","Clostridia","Eubacteriales","Oscillospiraceae","Monoglobus","Monoglobus_pectinilyticus"
"taxID2086584","Bacteria","Firmicutes","Clostridia","Eubacteriales","unclassified","Massilistercora","Massilistercora_timonensis"
"taxID2292231","Bacteria","Firmicutes","Clostridia","Eubacteriales","Lachnospiraceae","Coprococcus","Coprococcus_sp._AF21-14LB"
"taxID2509240","Bacteria","Firmicutes","Clostridia","Eubacteriales","Lachnospiraceae","Blautia","Blautia_faecicola"
"taxID2584659","Bacteria","Firmicutes","Clostridia","Eubacteriales","Clostridiaceae","Lactonifactor","Lactonifactor_sp._BIOML-A6"
"taxID2721154","Bacteria","Firmicutes","Clostridia","unclassified","unclassified","Candidatus_Schneewindia","Candidatus_Schneewindia_gallinarum"
"taxID2763041","Bacteria","Firmicutes","Clostridia","Eubacteriales","Oscillospiraceae","Dysosmobacter","Dysosmobacter_sp._NSJ-60"
"taxID2763053","Bacteria","Firmicutes","Clostridia","Eubacteriales","unclassified","Lawsonibacter","Lawsonibacter_sp._NSJ-51"
"taxID1255","Bacteria","Firmicutes","Bacilli","Lactobacillales","Lactobacillaceae","Pediococcus","Pediococcus_pentosaceus"
"taxID1328","Bacteria","Firmicutes","Bacilli","Lactobacillales","Streptococcaceae","Streptococcus","Streptococcus_anginosus"
"taxID1335","Bacteria","Firmicutes","Bacilli","Lactobacillales","Streptococcaceae","Streptococcus","Streptococcus_equinus"
"taxID1584","Bacteria","Firmicutes","Bacilli","Lactobacillales","Lactobacillaceae","Lactobacillus","Lactobacillus_delbrueckii"
"taxID28025","Bacteria","Actinobacteria","Actinomycetia","Bifidobacteriales","Bifidobacteriaceae","Bifidobacterium","Bifidobacterium_animalis"
"taxID29354","Bacteria","Firmicutes","Clostridia","Eubacteriales","Lachnospiraceae","Lacrimispora","Lacrimispora_celerecrescens"
"taxID39490","Bacteria","Firmicutes","Clostridia","Eubacteriales","Eubacteriaceae","Eubacterium","Eubacterium_ramulus"
"taxID116085","Bacteria","Firmicutes","Clostridia","Eubacteriales","Lachnospiraceae","Coprococcus","Coprococcus_catus"
"taxID147207","Bacteria","Actinobacteria","Coriobacteriia","Coriobacteriales","Coriobacteriaceae","Collinsella","Collinsella_intestinalis"
"taxID290055","Bacteria","Firmicutes","Clostridia","Eubacteriales","Lachnospiraceae","Faecalicatena","Faecalicatena_fissicatena"
"taxID423477","Bacteria","Firmicutes","Negativicutes","Veillonellales","Veillonellaceae","Veillonella","Veillonella_rogosae"
"taxID536633","Bacteria","Firmicutes","Clostridia","Eubacteriales","Lachnospiraceae","Blautia","Blautia_glucerasea"
"taxID626934","Bacteria","Actinobacteria","Coriobacteriia","Eggerthellales","Eggerthellaceae","Slackia","Slackia_piriformis"
"taxID745368","Bacteria","Firmicutes","Clostridia","Eubacteriales","unclassified","Gemmiger","Gemmiger_formicilis"
"taxID871664","Bacteria","Firmicutes","Clostridia","Eubacteriales","Lachnospiraceae","Blautia","Blautia_stercoris"
"taxID1160721","Bacteria","Firmicutes","Clostridia","Eubacteriales","Oscillospiraceae","Ruminococcus","Ruminococcus_bicirculans"
"taxID1472417","Bacteria","Bacteroidetes","Bacteroidia","Bacteroidales","Odoribacteraceae","Butyricimonas","Butyricimonas_paravirosa"
"taxID1519439","Bacteria","Firmicutes","Clostridia","Eubacteriales","Oscillospiraceae","Oscillibacter","Oscillibacter_sp._ER4"
"taxID1673720","Bacteria","Firmicutes","Clostridia","Eubacteriales","Oscillospiraceae","Anaerotruncus","Anaerotruncus_massiliensis"
"taxID1852361","Bacteria","Actinobacteria","Actinomycetia","Actinomycetales","Actinomycetaceae","Actinomyces","Actinomyces_bouchesdurhonensis"
"taxID1852366","Bacteria","Firmicutes","Erysipelotrichia","Erysipelotrichales","Erysipelotrichaceae","Holdemania","Holdemania_sp._Marseille-P2844"
"taxID1871016","Bacteria","Actinobacteria","Coriobacteriia","Coriobacteriales","Coriobacteriaceae","Collinsella","Collinsella_phocaeensis"
"taxID1871035","Bacteria","Firmicutes","unclassified","unclassified","unclassified","Negativibacillus","Negativibacillus_massiliensis"
"taxID1982628","Bacteria","Firmicutes","Erysipelotrichia","Erysipelotrichales","Erysipelotrichaceae","Faecalibacillus","Faecalibacillus_faecis"
"taxID2030927","Bacteria","Bacteroidetes","Bacteroidia","Bacteroidales","unclassified","unclassified","Bacteroidales_bacterium"
"taxID2292041","Bacteria","Firmicutes","Clostridia","Eubacteriales","Lachnospiraceae","Dorea","Dorea_sp._AF36-15AT"
"taxID2292069","Bacteria","Firmicutes","Clostridia","Eubacteriales","Oscillospiraceae","Ruminococcus","Ruminococcus_sp._AF41-9"
"taxID2292274","Bacteria","Firmicutes","Clostridia","Eubacteriales","Clostridiaceae","unclassified","Clostridiaceae_bacterium_OM08-6BH"
"taxID2292304","Bacteria","Firmicutes","Clostridia","Eubacteriales","Clostridiaceae","Clostridium","Clostridium_sp._AM33-3"
"taxID2292961","Bacteria","Firmicutes","Clostridia","Eubacteriales","Lachnospiraceae","Blautia","Blautia_sp._AF19-10LB"
"taxID2293097","Bacteria","Firmicutes","Clostridia","Eubacteriales","Lachnospiraceae","Dorea","Dorea_sp._AF24-7LB"
"taxID2293103","Bacteria","Firmicutes","Clostridia","Eubacteriales","Eubacteriaceae","Eubacterium","Eubacterium_sp._AF15-50"
"taxID2527876","Bacteria","Firmicutes","Clostridia","Eubacteriales","Lachnospiraceae","Mediterraneibacter","Mediterraneibacter_sp._gm002"
"taxID2720821","Bacteria","Firmicutes","Clostridia","unclassified","unclassified","Candidatus_Avimicrobium","Candidatus_Avimicrobium_caecorum"
"taxID2720823","Bacteria","Firmicutes","Clostridia","unclassified","unclassified","Candidatus_Alangreenwoodia","Candidatus_Alangreenwoodia_gallinarii"
"taxID2763051","Bacteria","Firmicutes","Clostridia","Eubacteriales","Lachnospiraceae","Lachnospira","Lachnospira_sp._NSJ-43"
"taxID53442","Bacteria","Firmicutes","Clostridia","Eubacteriales","Eubacteriaceae","Eubacterium","Eubacterium_callanderi"
"taxID1276","Bacteria","Actinobacteria","Actinomycetia","Micrococcales","Kytococcaceae","Kytococcus","Kytococcus_sedentarius"
"taxID1599","Bacteria","Firmicutes","Bacilli","Lactobacillales","Lactobacillaceae","Latilactobacillus","Latilactobacillus_sakei"
"taxID1735","Bacteria","Firmicutes","Erysipelotrichia","Erysipelotrichales","Erysipelotrichaceae","Holdemanella","Holdemanella_biformis"
"taxID626940","Bacteria","Firmicutes","Negativicutes","Acidaminococcales","Acidaminococcaceae","Phascolarctobacterium","Phascolarctobacterium_succinatutens"
"taxID1776383","Bacteria","Firmicutes","Clostridia","Eubacteriales","Clostridiaceae","Clostridium","Clostridium_sp._SN20"
"taxID2293024","Bacteria","Firmicutes","Clostridia","Eubacteriales","Clostridiaceae","Clostridium","Clostridium_sp._AM22-11AC"
"taxID876","Bacteria","Proteobacteria","Deltaproteobacteria","Desulfovibrionales","Desulfovibrionaceae","Desulfovibrio","Desulfovibrio_desulfuricans"
"taxID39496","Bacteria","Firmicutes","Clostridia","Eubacteriales","Eubacteriaceae","Eubacterium","Eubacterium_ventriosum"
"taxID180164","Bacteria","Firmicutes","Clostridia","Eubacteriales","Lachnospiraceae","Blautia","Blautia_schinkii"
"taxID253257","Bacteria","Firmicutes","Clostridia","Eubacteriales","Lachnospiraceae","Lacrimispora","Lacrimispora_amygdalina"
"taxID582","Bacteria","Proteobacteria","Gammaproteobacteria","Enterobacterales","Morganellaceae","Morganella","Morganella_morganii"
"taxID729","Bacteria","Proteobacteria","Gammaproteobacteria","Pasteurellales","Pasteurellaceae","Haemophilus","Haemophilus_parainfluenzae"
"taxID1622","Bacteria","Firmicutes","Bacilli","Lactobacillales","Lactobacillaceae","Ligilactobacillus","Ligilactobacillus_murinus"
"taxID33043","Bacteria","Firmicutes","Clostridia","Eubacteriales","Lachnospiraceae","Coprococcus","Coprococcus_eutactus"
"taxID39950","Bacteria","Firmicutes","Negativicutes","Veillonellales","Veillonellaceae","Dialister","Dialister_pneumosintes"
"taxID40519","Bacteria","Firmicutes","Clostridia","Eubacteriales","Oscillospiraceae","Ruminococcus","Ruminococcus_callidus"
"taxID44742","Bacteria","Proteobacteria","Deltaproteobacteria","Desulfovibrionales","Desulfovibrionaceae","Desulfovibrio","Desulfovibrio_fairfieldensis"
"taxID46507","Bacteria","Firmicutes","Tissierellia","unclassified","unclassified","Ezakiella","Ezakiella_coagulans"
"taxID363265","Bacteria","Bacteroidetes","Bacteroidia","Bacteroidales","Prevotellaceae","Prevotella","Prevotella_stercorea"
"taxID454154","Bacteria","Bacteroidetes","Bacteroidia","Bacteroidales","Prevotellaceae","Paraprevotella","Paraprevotella_clara"
"taxID487174","Bacteria","Bacteroidetes","Bacteroidia","Bacteroidales","Barnesiellaceae","Barnesiella","Barnesiella_intestinihominis"
"taxID487175","Bacteria","Proteobacteria","Betaproteobacteria","Burkholderiales","Sutterellaceae","Parasutterella","Parasutterella_excrementihominis"
"taxID574930","Bacteria","Bacteroidetes","Bacteroidia","Bacteroidales","Tannerellaceae","Parabacteroides","Parabacteroides_gordonii"
"taxID626933","Bacteria","Bacteroidetes","Bacteroidia","Bacteroidales","Odoribacteraceae","Odoribacter","Odoribacter_laneus"
"taxID1432052","Bacteria","Firmicutes","Clostridia","Eubacteriales","Lachnospiraceae","Eisenbergiella","Eisenbergiella_tayi"
"taxID1470347","Bacteria","Bacteroidetes","Bacteroidia","Bacteroidales","Rikenellaceae","Alistipes","Alistipes_ihumii"
"taxID1871029","Bacteria","Firmicutes","Clostridia","Eubacteriales","Eubacteriaceae","Intestinibacillus","Intestinibacillus_massiliensis"
"taxID1907662","Bacteria","Actinobacteria","Coriobacteriia","Eggerthellales","Eggerthellaceae","Raoultibacter","Raoultibacter_timonensis"
"taxID2040291","Bacteria","Firmicutes","Clostridia","Eubacteriales","Lachnospiraceae","Dorea","Dorea_phocaeensis"
"taxID2049044","Bacteria","Firmicutes","Erysipelotrichia","Erysipelotrichales","Erysipelotrichaceae","unclassified","Erysipelotrichaceae_bacterium"
"taxID2293035","Bacteria","Firmicutes","Clostridia","Eubacteriales","Clostridiaceae","Clostridium","Clostridium_sp._AM49-4BH"
"taxID2583452","Bacteria","Firmicutes","Erysipelotrichia","Erysipelotrichales","Erysipelotrichaceae","Amedibacterium","Amedibacterium_intestinale"
"taxID2585118","Bacteria","Bacteroidetes","Bacteroidia","Bacteroidales","Rikenellaceae","Alistipes","Alistipes_communis"
"taxID2606709","Bacteria","Firmicutes","Clostridia","Eubacteriales","Eubacteriales Family XIII. Incertae Sedis","Baileyella","Baileyella_intestinalis"
"taxID2763066","Bacteria","Firmicutes","Clostridia","Eubacteriales","Oscillospiraceae","Ruminococcus","Ruminococcus_sp._NSJ-71"
"taxID1496","Bacteria","Firmicutes","Clostridia","Eubacteriales","Peptostreptococcaceae","Clostridioides","Clostridioides_difficile"
"taxID1544","Bacteria","Firmicutes","Clostridia","Eubacteriales","Lachnospiraceae","Faecalicatena","Faecalicatena_orotica"
"taxID1750","Bacteria","Actinobacteria","Actinomycetia","Propionibacteriales","Propionibacteriaceae","Arachnia","Arachnia_propionica"
"taxID46125","Bacteria","Firmicutes","Bacilli","Lactobacillales","Aerococcaceae","Abiotrophia","Abiotrophia_defectiva"
"taxID143393","Bacteria","Firmicutes","Clostridia","Eubacteriales","Eubacteriales Family XIII. Incertae Sedis","unclassified","[Eubacterium]_sulci"
"taxID270498","Bacteria","Firmicutes","Clostridia","Eubacteriales","Christensenellaceae","Christensenella","Christensenella_hongkongensis"
"taxID712411","Bacteria","Actinobacteria","Coriobacteriia","Coriobacteriales","Atopobiaceae","Olsenella","Olsenella_sp._oral_taxon_807"
"taxID1653434","Bacteria","Firmicutes","Clostridia","Eubacteriales","Lachnospiraceae","Sellimonas","Sellimonas_intestinalis"
"taxID2508949","Bacteria","Firmicutes","Clostridia","Candidatus Borkfalkiales","Candidatus Borkfalkiaceae","Candidatus_Borkfalkia","Candidatus_Borkfalkia_ceftriaxoniphila"
"taxID1736","Bacteria","Firmicutes","Clostridia","Eubacteriales","Eubacteriaceae","Eubacterium","Eubacterium_limosum"
"taxID333367","Bacteria","Firmicutes","Clostridia","Eubacteriales","Lachnospiraceae","Enterocloster","Enterocloster_asparagiformis"
"taxID742723","Bacteria","Firmicutes","Clostridia","Eubacteriales","Lachnospiraceae","unclassified","Lachnospiraceae_bacterium_2_1_46FAA"
"taxID1099853","Bacteria","Bacteroidetes","Bacteroidia","Bacteroidales","Barnesiellaceae","Coprobacter","Coprobacter_fastidiosus"
"taxID2292205","Bacteria","Firmicutes","Clostridia","Eubacteriales","Clostridiaceae","Clostridium","Clostridium_sp._AF20-17LB"
"taxID53345","Bacteria","Firmicutes","Bacilli","Lactobacillales","Enterococcaceae","Enterococcus","Enterococcus_durans"
"taxID40518","Bacteria","Firmicutes","Clostridia","Eubacteriales","Oscillospiraceae","Ruminococcus","Ruminococcus_bromii"
"taxID53443","Bacteria","Firmicutes","Clostridia","Eubacteriales","Lachnospiraceae","Blautia","Blautia_hydrogenotrophica"
"taxID66228","Bacteria","Actinobacteria","Actinomycetia","Actinomycetales","Actinomycetaceae","Gleimia","Gleimia_europaea"
"taxID76860","Bacteria","Firmicutes","Bacilli","Lactobacillales","Streptococcaceae","Streptococcus","Streptococcus_constellatus"
"taxID103621","Bacteria","Actinobacteria","Actinomycetia","Actinomycetales","Actinomycetaceae","Actinomyces","Actinomyces_urogenitalis"
"taxID187327","Bacteria","Firmicutes","Negativicutes","Acidaminococcales","Acidaminococcaceae","Acidaminococcus","Acidaminococcus_intestini"
"taxID1520815","Bacteria","Firmicutes","Clostridia","Eubacteriales","Oscillospiraceae","unclassified","Ruminococcaceae_bacterium_D5"
"taxID1776382","Bacteria","Firmicutes","Clostridia","Eubacteriales","Oscillospiraceae","Neglectibacter","Neglectibacter_timonensis"
"taxID1796635","Bacteria","Firmicutes","Erysipelotrichia","Erysipelotrichales","Erysipelotrichaceae","Longicatena","Longicatena_caecimuris"
"taxID1805714","Bacteria","Firmicutes","Clostridia","Eubacteriales","Christensenellaceae","Christensenella","Christensenella_massiliensis"
"taxID2021391","Bacteria","Bacteroidetes","Flavobacteriia","Flavobacteriales","unclassified","unclassified","Flavobacteriales_bacterium"
"taxID2049048","Bacteria","Bacteroidetes","Bacteroidia","Bacteroidales","Rikenellaceae","unclassified","Rikenellaceae_bacterium"
"taxID2052159","Bacteria","Actinobacteria","Coriobacteriia","unclassified","unclassified","unclassified","Coriobacteriia_bacterium"
"taxID2093856","Bacteria","Bacteroidetes","Bacteroidia","Bacteroidales","Odoribacteraceae","Butyricimonas","Butyricimonas_faecalis"
"taxID2292190","Bacteria","Bacteroidetes","Bacteroidia","Bacteroidales","Rikenellaceae","Alistipes","Alistipes_sp._AF17-16"
"taxID2292287","Bacteria","Firmicutes","Clostridia","Eubacteriales","Lachnospiraceae","Blautia","Blautia_sp._OF03-15BH"
"taxID2763016","Bacteria","Firmicutes","Clostridia","Eubacteriales","Oscillospiraceae","Anaerofilum","Anaerofilum_sp._BX8"
"taxID2763659","Bacteria","Firmicutes","Clostridia","Eubacteriales","Oscillospiraceae","Fumia","Fumia_xinanensis"
"taxID2763667","Bacteria","Firmicutes","Clostridia","Eubacteriales","Lachnospiraceae","Wansuia","Wansuia_hejianensis"
"taxID417368","Bacteria","Firmicutes","Bacilli","Lactobacillales","Enterococcaceae","Enterococcus","Enterococcus_thailandicus"
"taxID1260","Bacteria","Firmicutes","Tissierellia","Tissierellales","Peptoniphilaceae","Finegoldia","Finegoldia_magna"
"taxID1379","Bacteria","Firmicutes","Bacilli","Bacillales","unclassified","Gemella","Gemella_haemolysans"
"taxID28135","Bacteria","Bacteroidetes","Bacteroidia","Bacteroidales","Prevotellaceae","Prevotella","Prevotella_oris"
"taxID546367","Bacteria","Proteobacteria","Gammaproteobacteria","Enterobacterales","Hafniaceae","Hafnia","Hafnia_paralvei"
"taxID1245","Bacteria","Firmicutes","Bacilli","Lactobacillales","Lactobacillaceae","Leuconostoc","Leuconostoc_mesenteroides"
"taxID437897","Bacteria","Firmicutes","Negativicutes","Selenomonadales","Selenomonadaceae","Megamonas","Megamonas_funiformis"
"taxID1987501","Bacteria","Firmicutes","Clostridia","Eubacteriales","Oscillospiraceae","Massiliimalia","Massiliimalia_timonensis"
"taxID199","Bacteria","Proteobacteria","Epsilonproteobacteria","Campylobacterales","Campylobacteraceae","Campylobacter","Campylobacter_concisus"
"taxID200","Bacteria","Proteobacteria","Epsilonproteobacteria","Campylobacterales","Campylobacteraceae","Campylobacter","Campylobacter_curvus"
"taxID851","Bacteria","Fusobacteria","Fusobacteriia","Fusobacteriales","Fusobacteriaceae","Fusobacterium","Fusobacterium_nucleatum"
"taxID1338","Bacteria","Firmicutes","Bacilli","Lactobacillales","Streptococcaceae","Streptococcus","Streptococcus_intermedius"
"taxID1383","Bacteria","Actinobacteria","Coriobacteriia","Coriobacteriales","Atopobiaceae","Lancefieldella","Lancefieldella_rimae"
"taxID1492","Bacteria","Firmicutes","Clostridia","Eubacteriales","Clostridiaceae","Clostridium","Clostridium_butyricum"
"taxID1559","Bacteria","Firmicutes","Clostridia","Eubacteriales","Clostridiaceae","Clostridium","Clostridium_tertium"
"taxID1633","Bacteria","Firmicutes","Bacilli","Lactobacillales","Lactobacillaceae","Limosilactobacillus","Limosilactobacillus_vaginalis"
"taxID1659","Bacteria","Actinobacteria","Actinomycetia","Actinomycetales","Actinomycetaceae","Actinomyces","Actinomyces_israelii"
"taxID28052","Bacteria","Firmicutes","Clostridia","Eubacteriales","Lachnospiraceae","Lachnospira","Lachnospira_pectinoschiza"
"taxID35518","Bacteria","Firmicutes","Clostridia","Eubacteriales","Eubacteriales Family XIII. Incertae Sedis","unclassified","[Eubacterium]_nodatum"
"taxID35519","Bacteria","Firmicutes","Clostridia","Eubacteriales","Eubacteriales Family XIII. Incertae Sedis","Mogibacterium","Mogibacterium_timidum"
"taxID78259","Bacteria","Actinobacteria","Actinomycetia","Bifidobacteriales","Bifidobacteriaceae","Scardovia","Scardovia_inopinata"
"taxID84109","Bacteria","Actinobacteria","Coriobacteriia","Eggerthellales","Eggerthellaceae","Slackia","Slackia_exigua"
"taxID84163","Bacteria","Actinobacteria","Coriobacteriia","Eggerthellales","Eggerthellaceae","Cryptobacterium","Cryptobacterium_curtum"
"taxID118748","Bacteria","Firmicutes","Erysipelotrichia","Erysipelotrichales","Erysipelotrichaceae","Bulleidia","Bulleidia_extructa"
"taxID133926","Bacteria","Actinobacteria","Coriobacteriia","Coriobacteriales","Atopobiaceae","Olsenella","Olsenella_uli"
"taxID156456","Bacteria","Firmicutes","Negativicutes","Veillonellales","Veillonellaceae","Anaeroglobus","Anaeroglobus_geminatus"
"taxID556499","Bacteria","Actinobacteria","Actinomycetia","Propionibacteriales","Propionibacteriaceae","Propionibacterium","Propionibacterium_acidifaciens"
"taxID712124","Bacteria","Actinobacteria","Actinomycetia","Actinomycetales","Actinomycetaceae","Actinomyces","Actinomyces_sp._oral_taxon_448"
"taxID2058292","Bacteria","Firmicutes","Tissierellia","Tissierellales","Peptoniphilaceae","Peptoniphilus","Peptoniphilus_sp._Marseille-P3761"
"taxID2584596","Bacteria","Verrucomicrobia","Verrucomicrobiae","Verrucomicrobiales","Akkermansiaceae","Akkermansia","Akkermansia_sp._BIOML-A40"
"taxID1681","Bacteria","Actinobacteria","Actinomycetia","Bifidobacteriales","Bifidobacteriaceae","Bifidobacterium","Bifidobacterium_bifidum"
"taxID1232428","Bacteria","Firmicutes","Negativicutes","Veillonellales","Veillonellaceae","Megasphaera","Megasphaera_massiliensis"
"taxID2293015","Bacteria","Firmicutes","Clostridia","Eubacteriales","Clostridiaceae","Clostridium","Clostridium_sp._AF36-4"
"taxID2293126","Bacteria","Firmicutes","Clostridia","Eubacteriales","Lachnospiraceae","Roseburia","Roseburia_sp._AF02-12"
"taxID56774","Bacteria","Firmicutes","Clostridia","Eubacteriales","Eubacteriales Family XIII. Incertae Sedis","unclassified","[Eubacterium]_infirmum"
"taxID1288120","Bacteria","Firmicutes","Tissierellia","Tissierellales","Peptoniphilaceae","Anaerococcus","Anaerococcus_senegalensis"
"taxID1776392","Bacteria","Firmicutes","Erysipelotrichia","Erysipelotrichales","Erysipelotrichaceae","Massilimicrobiota","Massilimicrobiota_timonensis"
"taxID1917873","Bacteria","Firmicutes","Clostridia","Eubacteriales","Oscillospiraceae","Pygmaiobacter","Pygmaiobacter_massiliensis"
"taxID1583","Bacteria","Firmicutes","Bacilli","Lactobacillales","Lactobacillaceae","Weissella","Weissella_confusa"
"taxID28126","Bacteria","Bacteroidetes","Bacteroidia","Bacteroidales","Prevotellaceae","Prevotella","Prevotella_buccae"
"taxID137591","Bacteria","Firmicutes","Bacilli","Lactobacillales","Lactobacillaceae","Weissella","Weissella_cibaria"
"taxID163665","Bacteria","Bacteroidetes","Bacteroidia","Bacteroidales","Dysgonomonadaceae","Dysgonomonas","Dysgonomonas_mossii"
"taxID638849","Bacteria","Synergistetes","Synergistia","Synergistales","Synergistaceae","Pyramidobacter","Pyramidobacter_piscolens"
"taxID1745713","Bacteria","Firmicutes","Clostridia","Eubacteriales","Lachnospiraceae","Bariatricus","Bariatricus_massiliensis"
"taxID1871015","Bacteria","Firmicutes","Clostridia","Eubacteriales","Oscillospiraceae","Pseudoflavonifractor","Pseudoflavonifractor_sp._Marseille-P3106"
"taxID2041842","Bacteria","Firmicutes","Clostridia","Eubacteriales","Oscillospiraceae","Neobittarella","Neobittarella_massiliensis"
"taxID39483","Bacteria","Firmicutes","Erysipelotrichia","Erysipelotrichales","Erysipelotrichaceae","Faecalitalea","Faecalitalea_cylindroides"
"taxID1852384","Bacteria","Firmicutes","Clostridia","Eubacteriales","Oscillospiraceae","Massiliimalia","Massiliimalia_massiliensis"
"taxID1965557","Bacteria","Firmicutes","Erysipelotrichia","Erysipelotrichales","Erysipelotrichaceae","Massilimicrobiota","Massilimicrobiota_sp._An134"
"taxID2364792","Bacteria","Firmicutes","Clostridia","Eubacteriales","Eubacteriaceae","Intestinibacillus","Intestinibacillus_sp._Marseille-P6563"
"taxID45851","Bacteria","Firmicutes","Clostridia","Eubacteriales","Lachnospiraceae","Butyrivibrio","Butyrivibrio_crossotus"
"taxID1234680","Bacteria","Firmicutes","Bacilli","Lactobacillales","Streptococcaceae","Streptococcus","Streptococcus_rubneri"
"taxID1473216","Bacteria","Actinobacteria","Coriobacteriia","Coriobacteriales","Coriobacteriaceae","Senegalimassilia","Senegalimassilia_anaerobia"
"taxID1499684","Bacteria","Firmicutes","Clostridia","Eubacteriales","Clostridiaceae","Clostridium","Clostridium_jeddahitimonense"
"taxID1907654","Bacteria","Actinobacteria","Coriobacteriia","Coriobacteriales","Coriobacteriaceae","Collinsella","Collinsella_bouchesdurhonensis"
"taxID2742763","Bacteria","Firmicutes","Clostridia","Eubacteriales","Lachnospiraceae","Blautia","Blautia_sp._MSK.21.1"
"taxID2763037","Bacteria","Firmicutes","Clostridia","Eubacteriales","Clostridiaceae","Clostridium","Clostridium_sp._NSJ-42"
"taxID1252","Bacteria","Firmicutes","Bacilli","Lactobacillales","Lactobacillaceae","Leuconostoc","Leuconostoc_carnosum"
"taxID1323","Bacteria","Firmicutes","Erysipelotrichia","Erysipelotrichales","Erysipelotrichaceae","Faecalicoccus","Faecalicoccus_pleomorphus"
"taxID71451","Bacteria","Firmicutes","Bacilli","Lactobacillales","Enterococcaceae","Enterococcus","Enterococcus_malodoratus"
"taxID626935","Bacteria","Actinobacteria","Coriobacteriia","Coriobacteriales","Coriobacteriaceae","Collinsella","Collinsella_tanakaei"
"taxID1468449","Bacteria","Firmicutes","Erysipelotrichia","Erysipelotrichales","Erysipelotrichaceae","Holdemania","Holdemania_massiliensis"
"taxID1675036","Bacteria","Firmicutes","Negativicutes","Veillonellales","Veillonellaceae","Megasphaera","Megasphaera_hexanoica"
"taxID1852375","Bacteria","Firmicutes","Negativicutes","Acidaminococcales","Acidaminococcaceae","Acidaminococcus","Acidaminococcus_massiliensis"
"taxID1972561","Bacteria","Actinobacteria","Coriobacteriia","Eggerthellales","Eggerthellaceae","unclassified","Eggerthellaceae_bacterium"
"taxID712888","Bacteria","Actinobacteria","Actinomycetia","Actinomycetales","Actinomycetaceae","Actinobaculum","Actinobaculum_sp._oral_taxon_183"
"taxID739","Bacteria","Proteobacteria","Gammaproteobacteria","Pasteurellales","Pasteurellaceae","Aggregatibacter","Aggregatibacter_segnis"
"taxID1747","Bacteria","Actinobacteria","Actinomycetia","Propionibacteriales","Propionibacteriaceae","Cutibacterium","Cutibacterium_acnes"
"taxID2702","Bacteria","Actinobacteria","Actinomycetia","Bifidobacteriales","Bifidobacteriaceae","Gardnerella","Gardnerella_vaginalis"
"taxID31973","Bacteria","Firmicutes","Erysipelotrichia","Erysipelotrichales","Coprobacillaceae","Eggerthia","Eggerthia_catenaformis"
"taxID51123","Bacteria","Firmicutes","Clostridia","Eubacteriales","Eubacteriales Family XIII. Incertae Sedis","unclassified","[Eubacterium]_saphenum"
"taxID52769","Bacteria","Actinobacteria","Actinomycetia","Actinomycetales","Actinomycetaceae","Actinomyces","Actinomyces_gerencseriae"
"taxID67827","Bacteria","Proteobacteria","Gammaproteobacteria","Enterobacterales","Enterobacteriaceae","Citrobacter","Citrobacter_werkmanii"
"taxID76124","Bacteria","Firmicutes","Clostridia","Eubacteriales","Eubacteriales Family XIII. Incertae Sedis","unclassified","[Eubacterium]_minutum"
"taxID76517","Bacteria","Proteobacteria","Epsilonproteobacteria","Campylobacterales","Campylobacteraceae","Campylobacter","Campylobacter_hominis"
"taxID78258","Bacteria","Actinobacteria","Actinomycetia","Bifidobacteriales","Bifidobacteriaceae","Parascardovia","Parascardovia_denticolens"
"taxID86332","Bacteria","Firmicutes","Clostridia","Eubacteriales","Eubacteriales Family XIII. Incertae Sedis","Mogibacterium","Mogibacterium_pumilum"
"taxID113287","Bacteria","Firmicutes","Clostridia","Eubacteriales","Eubacteriaceae","Pseudoramibacter","Pseudoramibacter_alactolyticus"
"taxID138595","Bacteria","Actinobacteria","Coriobacteriia","Coriobacteriales","Atopobiaceae","Olsenella","Olsenella_profusa"
"taxID172042","Bacteria","Actinobacteria","Actinomycetia","Micrococcales","Micrococcaceae","Rothia","Rothia_aeria"
"taxID176090","Bacteria","Firmicutes","Bacilli","Lactobacillales","Streptococcaceae","Streptococcus","Streptococcus_sinensis"
"taxID181487","Bacteria","Actinobacteria","Actinomycetia","Actinomycetales","Actinomycetaceae","Schaalia","Schaalia_cardiffensis"
"taxID206043","Bacteria","Actinobacteria","Actinomycetia","Actinomycetales","Actinomycetaceae","Actinomyces","Actinomyces_oricola"
"taxID315405","Bacteria","Firmicutes","Bacilli","Lactobacillales","Streptococcaceae","Streptococcus","Streptococcus_gallolyticus"
"taxID544581","Bacteria","Actinobacteria","Actinomycetia","Actinomycetales","Actinomycetaceae","Actinomyces","Actinomyces_johnsonii"
"taxID651822","Bacteria","Synergistetes","Synergistia","Synergistales","Synergistaceae","Fretibacterium","Fretibacterium_fastidiosum"
"taxID652706","Bacteria","Firmicutes","Clostridia","Eubacteriales","Lachnospiraceae","Oribacterium","Oribacterium_sp._oral_taxon_078"
"taxID712158","Bacteria","Actinobacteria","Coriobacteriia","Coriobacteriales","Atopobiaceae","Atopobium","Atopobium_sp._oral_taxon_810"
"taxID936594","Bacteria","Firmicutes","Clostridia","Eubacteriales","Lachnospiraceae","Lachnoanaerobaculum","Lachnoanaerobaculum_sp._ICM7"
"taxID979627","Bacteria","Firmicutes","Clostridia","Eubacteriales","Lachnospiraceae","Lachnoanaerobaculum","Lachnoanaerobaculum_orale"
"taxID1531429","Bacteria","Actinobacteria","Coriobacteriia","Eggerthellales","Eggerthellaceae","Berryella","Berryella_intestinalis"
"taxID1581061","Bacteria","Firmicutes","Bacilli","Lactobacillales","Aerococcaceae","Abiotrophia","Abiotrophia_sp._HMSC24B09"
"taxID1852379","Bacteria","Firmicutes","Negativicutes","Veillonellales","Veillonellaceae","Colibacter","Colibacter_massiliensis"
"taxID1852385","Bacteria","Actinobacteria","Coriobacteriia","Coriobacteriales","Atopobiaceae","Olsenella","Olsenella_phocaeensis"
"taxID1986206","Bacteria","Candidatus Saccharibacteria","Candidatus Saccharimonadia","Candidatus Saccharimonadales","Candidatus Saccharimonadaceae","Candidatus_Nanosynsacchari","Candidatus_Nanosynsacchari_sp._TM7_ANC_38.39_G1_1"
"taxID2081702","Bacteria","Actinobacteria","Actinomycetia","Actinomycetales","Actinomycetaceae","Actinomyces","Actinomyces_sp._oral_taxon_897"
"taxID2171989","Bacteria","Candidatus Saccharibacteria","Candidatus Nanoperiomorbia","Candidatus Nanoperiomorbales","Candidatus Nanoperiomorbaceae","Candidatus_Nanoperiomorbus","Candidatus_Nanoperiomorbus_periodonticus"
"taxID2220000","Bacteria","Actinobacteria","Actinomycetia","Propionibacteriales","Propionibacteriaceae","Arachnia","[Pseudopropionibacterium]_massiliense"
"taxID2741497","Bacteria","Actinobacteria","Actinomycetia","Actinomycetales","Actinomycetaceae","Peptidiphaga","Peptidiphaga_gingivicola"
"taxID97478","Bacteria","Firmicutes","Bacilli","Lactobacillales","Lactobacillaceae","Limosilactobacillus","Limosilactobacillus_mucosae"
"taxID230658","Bacteria","Actinobacteria","Coriobacteriia","Eggerthellales","Eggerthellaceae","Paraeggerthella","Paraeggerthella_hongkongensis"
"taxID1944635","Bacteria","Proteobacteria","Betaproteobacteria","Burkholderiales","Sutterellaceae","Sutterella","Sutterella_seckii"
"taxID2109685","Bacteria","Actinobacteria","Coriobacteriia","Coriobacteriales","Atopobiaceae","Olsenella","Olsenella_sp._GAM18"
"taxID2219695","Bacteria","Firmicutes","Clostridia","Eubacteriales","Lachnospiraceae","Luxibacter","Luxibacter_massiliensis"
"taxID2479838","Bacteria","Firmicutes","Clostridia","Eubacteriales","Clostridiaceae","Clostridium","Clostridium_transplantifaecale"
"taxID2509433","Bacteria","Actinobacteria","Coriobacteriia","Coriobacteriales","Coriobacteriaceae","Senegalimassilia","Senegalimassilia_faecalis"
"taxID2715212","Bacteria","Bacteroidetes","Bacteroidia","Bacteroidales","Bacteroidaceae","Bacteroides","Bacteroides_sp._CBA7301"
"taxID1589","Bacteria","Firmicutes","Bacilli","Lactobacillales","Lactobacillaceae","Lactiplantibacillus","Lactiplantibacillus_pentosus"
"taxID54005","Bacteria","Firmicutes","Tissierellia","Tissierellales","Peptoniphilaceae","Peptoniphilus","Peptoniphilus_harei"
"taxID61592","Bacteria","Actinobacteria","Actinomycetia","Corynebacteriales","Corynebacteriaceae","Corynebacterium","Corynebacterium_durum"
"taxID100468","Bacteria","Firmicutes","Bacilli","Lactobacillales","Lactobacillaceae","Schleiferilactobacillus","Schleiferilactobacillus_perolens"
"taxID177972","Bacteria","Firmicutes","Clostridia","Eubacteriales","Lachnospiraceae","Shuttleworthia","Shuttleworthia_satelles"
"taxID1110546","Bacteria","Firmicutes","Negativicutes","Veillonellales","Veillonellaceae","Veillonella","Veillonella_tobetsuensis"
"taxID1155073","Bacteria","Firmicutes","Bacilli","Lactobacillales","Enterococcaceae","Enterococcus","Enterococcus_diestrammenae"
"taxID1857218","Bacteria","Firmicutes","Bacilli","Lactobacillales","Enterococcaceae","Enterococcus","Enterococcus_sp._CU9D"
"taxID36740","Bacteria","Actinobacteria","Actinomycetia","Micrococcales","Dermabacteraceae","Dermabacter","Dermabacter_hominis"
"taxID1737","Bacteria","Firmicutes","Clostridia","Eubacteriales","Peptostreptococcaceae","Paeniclostridium","[Eubacterium]_tenue"
"taxID28080","Bacteria","Proteobacteria","Epsilonproteobacteria","Campylobacterales","Campylobacteraceae","Campylobacter","Campylobacter_upsaliensis"
"taxID242230","Bacteria","Actinobacteria","Coriobacteriia","Eggerthellales","Eggerthellaceae","Eggerthella","Eggerthella_sinensis"
"taxID1780380","Bacteria","Firmicutes","Clostridia","Eubacteriales","Eubacteriaceae","unclassified","Eubacteriaceae_bacterium_CHKCI004"
"taxID1870991","Bacteria","Firmicutes","Clostridia","Eubacteriales","Clostridiaceae","Massilioclostridium","Massilioclostridium_coli"
"taxID2293012","Bacteria","Firmicutes","Clostridia","Eubacteriales","Clostridiaceae","Clostridium","Clostridium_sp._AF34-13"
"taxID2479843","Bacteria","Firmicutes","Clostridia","Eubacteriales","Oscillospiraceae","Agathobaculum","Agathobaculum_sp._Marseille-P7918"
"taxID84026","Bacteria","Firmicutes","Clostridia","Eubacteriales","Oscillospiraceae","unclassified","[Clostridium]_methylpentosum"
"taxID89153","Bacteria","Firmicutes","Clostridia","Eubacteriales","Lachnospiraceae","Lachnoclostridium","[Clostridium]_hylemonae"
"taxID438033","Bacteria","Firmicutes","Clostridia","Eubacteriales","Oscillospiraceae","Ruminococcus","Ruminococcus_gauvreauii"
"taxID1796622","Bacteria","Firmicutes","Clostridia","Eubacteriales","Lachnospiraceae","Extibacter","Extibacter_muris"
"taxID2292348","Bacteria","Firmicutes","Clostridia","Eubacteriales","Lachnospiraceae","Eisenbergiella","Eisenbergiella_sp._OF01-20"
"taxID2763052","Bacteria","Firmicutes","Clostridia","Eubacteriales","unclassified","Lawsonibacter","Lawsonibacter_sp._NSJ-52"
"taxID69824","Bacteria","Firmicutes","Erysipelotrichia","Erysipelotrichales","Erysipelotrichaceae","Erysipelatoclostridium","[Clostridium]_cocleatum"
"taxID1285585","Bacteria","Firmicutes","Negativicutes","Veillonellales","Veillonellaceae","Megasphaera","Megasphaera_sp._BL7"
"taxID1590","Bacteria","Firmicutes","Bacilli","Lactobacillales","Lactobacillaceae","Lactiplantibacillus","Lactiplantibacillus_plantarum"
"taxID85698","Bacteria","Proteobacteria","Betaproteobacteria","Burkholderiales","Alcaligenaceae","Achromobacter","Achromobacter_xylosoxidans"
"taxID1310","Bacteria","Firmicutes","Bacilli","Lactobacillales","Streptococcaceae","Streptococcus","Streptococcus_sobrinus"
"taxID1852371","Bacteria","Actinobacteria","Coriobacteriia","Eggerthellales","Eggerthellaceae","Raoultibacter","Raoultibacter_massiliensis"
"taxID2070686","Bacteria","Actinobacteria","Coriobacteriia","Eggerthellales","Eggerthellaceae","Enteroscipio","Enteroscipio_rubneri"
"taxID2137880","Bacteria","Candidatus Melainabacteria","unclassified","Candidatus Gastranaerophilales","unclassified","unclassified","Candidatus_Gastranaerophilales_bacterium"
"taxID2721101","Bacteria","Firmicutes","Clostridia","unclassified","unclassified","Candidatus_Heritagella","Candidatus_Heritagella_intestinalis"
"taxID2721145","Bacteria","Firmicutes","Clostridia","unclassified","unclassified","Candidatus_Pseudobutyricicoccus","Candidatus_Pseudobutyricicoccus_lothianensis"
"taxID1505","Bacteria","Firmicutes","Clostridia","Eubacteriales","Peptostreptococcaceae","Paeniclostridium","Paeniclostridium_sordellii"
"taxID1561","Bacteria","Firmicutes","Clostridia","Eubacteriales","Clostridiaceae","Clostridium","Clostridium_baratii"
"taxID158787","Bacteria","Actinobacteria","Actinomycetia","Bifidobacteriales","Bifidobacteriaceae","Bifidobacterium","Bifidobacterium_scardovii"
"taxID1507512","Bacteria","Firmicutes","Clostridia","Eubacteriales","Peptostreptococcaceae","Romboutsia","Romboutsia_hominis"
"taxID1511761","Bacteria","Firmicutes","Bacilli","Lactobacillales","Lactobacillaceae","Leuconostoc","Leuconostoc_suionicum"
"taxID546","Bacteria","Proteobacteria","Gammaproteobacteria","Enterobacterales","Enterobacteriaceae","Citrobacter","Citrobacter_freundii"
"taxID1605","Bacteria","Firmicutes","Bacilli","Lactobacillales","Lactobacillaceae","Ligilactobacillus","Ligilactobacillus_animalis"
"taxID2124","Bacteria","Tenericutes","unclassified","Mycoplasmoidales","Metamycoplasmataceae","Metamycoplasma","Metamycoplasma_salivarium"
"taxID43768","Bacteria","Actinobacteria","Actinomycetia","Corynebacteriales","Corynebacteriaceae","Corynebacterium","Corynebacterium_matruchotii"
"taxID111015","Bacteria","Actinobacteria","Actinomycetia","Actinomycetales","Actinomycetaceae","Actinomyces","Actinomyces_radicidentis"
"taxID161879","Bacteria","Actinobacteria","Actinomycetia","Corynebacteriales","Corynebacteriaceae","Corynebacterium","Corynebacterium_kroppenstedtii"
"taxID555313","Bacteria","Bacteroidetes","Bacteroidia","Bacteroidales","Bacteroidaceae","Phocaeicola","Phocaeicola_abscessus"
"taxID1673722","Bacteria","Actinobacteria","Actinomycetia","Actinomycetales","Actinomycetaceae","Actinomyces","Actinomyces_ihuae"
"taxID2479840","Bacteria","Bacteroidetes","Bacteroidia","Bacteroidales","Prevotellaceae","Prevotella","Prevotella_marseillensis"
"taxID45254","Bacteria","Bacteroidetes","Bacteroidia","Bacteroidales","Dysgonomonadaceae","Dysgonomonas","Dysgonomonas_capnocytophagoides"
"taxID61652","Bacteria","Proteobacteria","Gammaproteobacteria","Enterobacterales","Yersiniaceae","Serratia","Serratia_rubidaea"
"taxID2292211","Bacteria","Actinobacteria","Coriobacteriia","Coriobacteriales","Coriobacteriaceae","Collinsella","Collinsella_sp._AF08-23"
"taxID2041044","Bacteria","Firmicutes","Clostridia","Eubacteriales","Eubacteriaceae","Eubacterium","Eubacterium_maltosivorans"
"taxID2582419","Bacteria","Firmicutes","Negativicutes","Veillonellales","Veillonellaceae","Dialister","Dialister_hominis"
"taxID187979","Bacteria","Firmicutes","Negativicutes","Selenomonadales","Selenomonadaceae","Mitsuokella","Mitsuokella_jalaludinii"
"taxID1585974","Bacteria","Firmicutes","Clostridia","Eubacteriales","Clostridiaceae","Beduini","Beduini_massiliensis"
"taxID2292206","Bacteria","Firmicutes","Clostridia","Eubacteriales","Clostridiaceae","Clostridium","Clostridium_sp._AF27-2AA"
"taxID2585119","Bacteria","Bacteroidetes","Bacteroidia","Bacteroidales","Rikenellaceae","Alistipes","Alistipes_dispar"
"taxID105612","Bacteria","Firmicutes","Bacilli","Lactobacillales","Lactobacillaceae","Dellaglioa","Dellaglioa_algida"
"taxID35703","Bacteria","Proteobacteria","Gammaproteobacteria","Enterobacterales","Enterobacteriaceae","Citrobacter","Citrobacter_amalonaticus"
"taxID57732","Bacteria","Firmicutes","Bacilli","Lactobacillales","Enterococcaceae","Enterococcus","Enterococcus_asini"
"taxID1970790","Bacteria","Firmicutes","Bacilli","Lactobacillales","Lactobacillaceae","Limosilactobacillus","[Lactobacillus]_timonensis"
"taxID2291323","Bacteria","Firmicutes","Bacilli","Lactobacillales","unclassified","unclassified","Lactobacillaceae_bacterium"
"taxID2584949","Bacteria","Proteobacteria","Gammaproteobacteria","Enterobacterales","Enterobacteriaceae","Enterobacter","Enterobacter_sp._DE0047"
"taxID2741","Bacteria","Firmicutes","Clostridia","Eubacteriales","Peptococcaceae","Peptococcus","Peptococcus_niger"
"taxID1414721","Bacteria","Firmicutes","Clostridia","Eubacteriales","Clostridiaceae","Clostridium","Clostridium_jeddahense"
"taxID1852381","Bacteria","Proteobacteria","Betaproteobacteria","Burkholderiales","Sutterellaceae","Duodenibacillus","Duodenibacillus_massiliensis"
"taxID2045301","Bacteria","Firmicutes","Negativicutes","Veillonellales","Veillonellaceae","Megasphaera","'Megasphaera_vaginalis'_Bordigoni_et_al._2020"
"taxID2292363","Bacteria","Bacteroidetes","Bacteroidia","Bacteroidales","Tannerellaceae","Parabacteroides","Parabacteroides_sp._TM07-1AC"
"taxID1509","Bacteria","Firmicutes","Clostridia","Eubacteriales","Clostridiaceae","Clostridium","Clostridium_sporogenes"
"taxID1527","Bacteria","Firmicutes","Clostridia","Eubacteriales","Lachnospiraceae","Anaerocolumna","Anaerocolumna_aminovalerica"
"taxID35841","Bacteria","Firmicutes","Bacilli","Bacillales","Bacillaceae","Caldibacillus","Caldibacillus_thermoamylovorans"
"taxID539","Bacteria","Proteobacteria","Betaproteobacteria","Neisseriales","Neisseriaceae","Eikenella","Eikenella_corrodens"
"taxID648","Bacteria","Proteobacteria","Gammaproteobacteria","Aeromonadales","Aeromonadaceae","Aeromonas","Aeromonas_caviae"
"taxID28113","Bacteria","Bacteroidetes","Bacteroidia","Bacteroidales","Bacteroidaceae","Bacteroides","Bacteroides_heparinolyticus"
"taxID135080","Bacteria","Firmicutes","Negativicutes","Selenomonadales","Selenomonadaceae","Selenomonas","Selenomonas_flueggei"
"taxID712359","Bacteria","Fusobacteria","Fusobacteriia","Fusobacteriales","Leptotrichiaceae","Leptotrichia","Leptotrichia_sp._oral_taxon_215"
"taxID2663009","Bacteria","Fusobacteria","Fusobacteriia","Fusobacteriales","Fusobacteriaceae","Fusobacterium","Fusobacterium_pseudoperiodonticum"
"taxID168384","Bacteria","Firmicutes","Clostridia","Eubacteriales","Lachnospiraceae","Marvinbryantia","Marvinbryantia_formatexigens"
"taxID626937","Bacteria","Firmicutes","Clostridia","Eubacteriales","Christensenellaceae","Christensenella","Christensenella_minuta"
"taxID871324","Bacteria","Bacteroidetes","Bacteroidia","Bacteroidales","Bacteroidaceae","Bacteroides","Bacteroides_stercorirosoris"
"taxID1288121","Bacteria","Bacteroidetes","Bacteroidia","Bacteroidales","Rikenellaceae","Alistipes","Alistipes_senegalensis"
"taxID1849041","Bacteria","Firmicutes","Clostridia","Eubacteriales","Oscillospiraceae","Harryflintia","Harryflintia_acetispora"
"taxID1879010","Bacteria","Firmicutes","unclassified","unclassified","unclassified","unclassified","Firmicutes_bacterium"
"taxID1903720","Bacteria","Firmicutes","Bacilli","unclassified","unclassified","unclassified","Bacilli_bacterium"
"taxID1913988","Bacteria","Proteobacteria","Alphaproteobacteria","unclassified","unclassified","unclassified","Alphaproteobacteria_bacterium"
"taxID2053569","Bacteria","Lentisphaerae","Lentisphaeria","unclassified","unclassified","unclassified","Lentisphaeria_bacterium"
"taxID2212467","Bacteria","Bacteroidetes","Bacteroidia","Bacteroidales","Bacteroidaceae","unclassified","Bacteroidaceae_bacterium"
"taxID2606708","Bacteria","Firmicutes","Clostridia","Eubacteriales","Eubacteriales Family XIII. Incertae Sedis","Mogibacterium","Mogibacterium_kristiansenii"
"taxID2720829","Bacteria","Firmicutes","Clostridia","unclassified","unclassified","Candidatus_Avispirillum","Candidatus_Avispirillum_faecium"
"taxID2721134","Bacteria","Firmicutes","Clostridia","unclassified","unclassified","Candidatus_Metaruminococcus","Candidatus_Metaruminococcus_gallistercoris"
"taxID2721140","Bacteria","Firmicutes","Clostridia","unclassified","unclassified","Candidatus_Parachristensenella","Candidatus_Parachristensenella_avicola"
"taxID2721142","Bacteria","Firmicutes","Clostridia","unclassified","unclassified","Candidatus_Paralachnospira","Candidatus_Paralachnospira_caecorum"
"taxID2721157","Bacteria","Firmicutes","Clostridia","unclassified","unclassified","Candidatus_Woodwardibium","Candidatus_Woodwardibium_gallinarum"
"taxID2751","Bacteria","Firmicutes","Bacilli","Lactobacillales","Carnobacteriaceae","Carnobacterium","Carnobacterium_maltaromaticum"
"taxID35787","Bacteria","Firmicutes","Bacilli","Lactobacillales","Lactobacillaceae","Limosilactobacillus","Limosilactobacillus_pontis"
"taxID1780378","Bacteria","Firmicutes","Clostridia","Eubacteriales","unclassified","unclassified","Clostridiales_bacterium_CHKCI001"
"taxID1805471","Bacteria","Firmicutes","Clostridia","Eubacteriales","Clostridiaceae","Clostridium","Clostridium_sp._Marseille-P2415"
"taxID1965570","Bacteria","Firmicutes","Clostridia","Eubacteriales","Oscillospiraceae","Anaeromassilibacillus","Anaeromassilibacillus_sp._An172"
"taxID2766537","Bacteria","Firmicutes","Clostridia","Eubacteriales","Oscillospiraceae","Caproicibacterium","Caproicibacterium_amylolyticum"
"taxID1965560","Bacteria","Firmicutes","Clostridia","Eubacteriales","Lachnospiraceae","Lachnoclostridium","Lachnoclostridium_sp._An138"
"taxID2293138","Bacteria","Firmicutes","Clostridia","Eubacteriales","Lachnospiraceae","Roseburia","Roseburia_sp._AM59-24XD"
"taxID160453","Bacteria","Firmicutes","Bacilli","Lactobacillales","Enterococcaceae","Enterococcus","Enterococcus_gilvus"
"taxID176291","Bacteria","Firmicutes","Bacilli","Lactobacillales","Lactobacillaceae","Paucilactobacillus","Paucilactobacillus_vaccinostercus"
"taxID264463","Bacteria","Firmicutes","Clostridia","Eubacteriales","Lachnospiraceae","Anaerosporobacter","Anaerosporobacter_mobilis"
"taxID1325934","Bacteria","Actinobacteria","Actinomycetia","Actinomycetales","Actinomycetaceae","Actinomyces","Actinomyces_polynesiensis"
"taxID2025493","Bacteria","Firmicutes","Clostridia","Eubacteriales","Lachnospiraceae","Blautia","Blautia_hominis"
"taxID2486011","Bacteria","Firmicutes","Bacilli","Lactobacillales","Lactobacillaceae","Lacticaseibacillus","Lacticaseibacillus_suibinensis"
"taxID1926283","Bacteria","Firmicutes","Clostridia","Eubacteriales","Lachnospiraceae","Lachnoclostridium","Lachnoclostridium_edouardi"
"taxID2763664","Bacteria","Firmicutes","Clostridia","Eubacteriales","Lachnospiraceae","Jutongia","Jutongia_hominis"
"taxID204","Bacteria","Proteobacteria","Epsilonproteobacteria","Campylobacterales","Campylobacteraceae","Campylobacter","Campylobacter_showae"
"taxID1541","Bacteria","Firmicutes","Clostridia","Eubacteriales","Peptostreptococcaceae","Terrisporobacter","Terrisporobacter_mayombei"
"taxID2721149","Bacteria","Firmicutes","Clostridia","unclassified","unclassified","Candidatus_Pseudoruminococcus","Candidatus_Pseudoruminococcus_merdavium"
"taxID28125","Bacteria","Bacteroidetes","Bacteroidia","Bacteroidales","Prevotellaceae","Prevotella","Prevotella_bivia"
"taxID1287640","Bacteria","Firmicutes","Tissierellia","Tissierellales","Peptoniphilaceae","Anaerococcus","Anaerococcus_obesiensis"
"taxID626929","Bacteria","Bacteroidetes","Bacteroidia","Bacteroidales","Bacteroidaceae","Bacteroides","Bacteroides_clarus"
"taxID119219","Bacteria","Proteobacteria","Betaproteobacteria","Burkholderiales","Burkholderiaceae","Cupriavidus","Cupriavidus_metallidurans"
"taxID1197717","Bacteria","Synergistetes","Synergistia","Synergistales","Synergistaceae","Cloacibacillus","Cloacibacillus_porcorum"
"taxID1903263","Bacteria","Firmicutes","Erysipelotrichia","Erysipelotrichales","Erysipelotrichaceae","Traorella","Traorella_massiliensis"
"taxID2292272","Bacteria","Firmicutes","Clostridia","Eubacteriales","Lachnospiraceae","unclassified","Lachnospiraceae_bacterium_OM04-12BH"
"taxID2721128","Bacteria","Firmicutes","Clostridia","unclassified","unclassified","Candidatus_Heteroclostridium","Candidatus_Heteroclostridium_caecigallinarum"
"taxID2721137","Bacteria","Firmicutes","Clostridia","unclassified","unclassified","Candidatus_Neochristensenella","Candidatus_Neochristensenella_gallicola"
"taxID2121","Bacteria","Tenericutes","unclassified","Mycoplasmoidales","Metamycoplasmataceae","Metamycoplasma","Metamycoplasma_orale"
"taxID1583331","Bacteria","Bacteroidetes","Bacteroidia","Bacteroidales","Porphyromonadaceae","Porphyromonas","Porphyromonas_pasteri"
"taxID109790","Bacteria","Firmicutes","Bacilli","Lactobacillales","Lactobacillaceae","Lactobacillus","Lactobacillus_jensenii"
"taxID2304578","Bacteria","Firmicutes","Erysipelotrichia","Erysipelotrichales","Turicibacteraceae","Turicibacter","Turicibacter_sp._TS3"
"taxID1019","Bacteria","Bacteroidetes","Flavobacteriia","Flavobacteriales","Flavobacteriaceae","Capnocytophaga","Capnocytophaga_sputigena"
"taxID1334","Bacteria","Firmicutes","Bacilli","Lactobacillales","Streptococcaceae","Streptococcus","Streptococcus_dysgalactiae"
"taxID1364","Bacteria","Firmicutes","Bacilli","Lactobacillales","Streptococcaceae","Lactococcus","Lactococcus_piscium"
"taxID2748","Bacteria","Firmicutes","Bacilli","Lactobacillales","Carnobacteriaceae","Carnobacterium","Carnobacterium_divergens"
"taxID28129","Bacteria","Bacteroidetes","Bacteroidia","Bacteroidales","Prevotellaceae","Prevotella","Prevotella_denticola"
"taxID28447","Bacteria","Actinobacteria","Actinomycetia","Micrococcales","Microbacteriaceae","Clavibacter","Clavibacter_michiganensis"
"taxID33964","Bacteria","Firmicutes","Bacilli","Lactobacillales","Lactobacillaceae","Leuconostoc","Leuconostoc_citreum"
"taxID33968","Bacteria","Firmicutes","Bacilli","Lactobacillales","Lactobacillaceae","Leuconostoc","Leuconostoc_pseudomesenteroides"
"taxID709323","Bacteria","Firmicutes","Bacilli","Lactobacillales","Lactobacillaceae","Fructobacillus","Fructobacillus_tropaeoli"
"taxID1070421","Bacteria","Firmicutes","Bacilli","Lactobacillales","Lactobacillaceae","Periweissella","Periweissella_fabalis"
"taxID2749962","Bacteria","Firmicutes","Bacilli","Lactobacillales","Streptococcaceae","Lactococcus","Lactococcus_paracarnosus"
